Name,Count
Emily,25957
Hannah,23085
Madison,19968
Ashley,17998
Sarah,17712
Alexis,17631
Samantha,17265
Jessica,15711
Elizabeth,15113
Taylor,15079
Lauren,14175
Alyssa,13553
Kayla,13312
Abigail,13093
Brianna,12880
Olivia,12854
Emma,12559
Megan,11436
Grace,11284
Victoria,10926
Rachel,10685
Anna,10609
Sydney,10244
Destiny,9850
Morgan,9502
Jennifer,9389
Jasmine,9098
Haley,9069
Julia,8767
Kaitlyn,8759
Nicole,8562
Amanda,8557
Katherine,8109
Natalie,8095
Hailey,7829
Alexandra,7549
Savannah,7101
Chloe,7094
Rebecca,7075
Stephanie,7028
Maria,6855
Sophia,6564
Mackenzie,6349
Allison,6315
Isabella,6242
Mary,6215
Amber,6181
Danielle,6090
Gabrielle,5870
Jordan,5809
Brooke,5640
Michelle,5545
Sierra,5520
Katelyn,5502
Andrea,5479
Madeline,5371
Sara,5323
Kimberly,5243
Courtney,5239
Erin,5184
Brittany,5183
Vanessa,5135
Jenna,5045
Jacqueline,5037
Caroline,5022
Faith,4998
Makayla,4917
Bailey,4648
Paige,4609
Shelby,4561
Melissa,4531
Kaylee,4493
Christina,4330
Trinity,4284
Mariah,4104
Caitlin,4102
Autumn,4027
Marissa,4025
Angela,3827
Breanna,3826
Catherine,3802
Zoe,3785
Briana,3754
Jada,3747
Laura,3737
Claire,3711
Alexa,3674
Kelsey,3669
Kathryn,3643
Leslie,3623
Alexandria,3549
Sabrina,3470
Mia,3451
Isabel,3447
Katie,3409
Molly,3399
Leah,3398
Gabriella,3369
Cheyenne,3367
Cassandra,3305
Tiffany,3305
Erica,3220
Lindsey,3211
Kylie,3206
Amy,3173
Diana,3166
Cassidy,3163
Mikayla,3159
Ariana,3153
Margaret,3122
Kelly,3076
Miranda,3043
Maya,3019
Melanie,2968
Audrey,2872
Jade,2865
Gabriela,2845
Caitlyn,2835
Angel,2833
Jillian,2779
Alicia,2762
Jocelyn,2744
Erika,2734
Lily,2733
Heather,2684
Madelyn,2684
Adriana,2681
Arianna,2659
Lillian,2600
Kiara,2560
Riley,2552
Crystal,2550
Mckenzie,2526
Meghan,2514
Skylar,2503
Ana,2427
Britney,2404
Angelica,2395
Kennedy,2390
Chelsea,2380
Daisy,2368
Kristen,2356
Veronica,2356
Isabelle,2340
Summer,2339
Hope,2321
Lydia,2319
Brittney,2316
Hayley,2300
Evelyn,2222
Bethany,2191
Shannon,2180
Karen,2174
Michaela,2172
Jamie,2156
Daniela,2151
Angelina,2140
Kaitlin,2136
Karina,2133
Sophie,2101
Sofia,2094
Diamond,2081
Payton,2058
Cynthia,2038
Alexia,2019
Valerie,2017
Monica,1991
Peyton,1967
Carly,1961
Bianca,1956
Hanna,1912
Brenda,1898
Rebekah,1896
Alejandra,1861
Mya,1839
Avery,1831
Brooklyn,1831
Ashlyn,1822
Lindsay,1800
Ava,1796
Desiree,1790
Alondra,1762
Naomi,1756
Ariel,1753
Camryn,1753
Jordyn,1731
Kendra,1730
Mckenna,1704
Holly,1690
Julie,1677
Kendall,1651
Kara,1649
Jasmin,1645
Selena,1645
Esmeralda,1641
Amaya,1632
Kylee,1629
Maggie,1614
Makenzie,1613
Claudia,1608
Cameron,1596
Kyra,1596
Karla,1587
Kathleen,1584
Abby,1566
Delaney,1538
Amelia,1531
Casey,1517
Serena,1504
Savanna,1500
Aaliyah,1496
Giselle,1486
Mallory,1466
April,1451
Raven,1447
Adrianna,1446
Christine,1442
Kristina,1433
Nina,1428
Natalia,1424
Asia,1423
Valeria,1422
Aubrey,1410
Lauryn,1408
Kate,1397
Patricia,1393
Jazmin,1391
Rachael,1389
Katelynn,1388
Cierra,1383
Alison,1381
Nancy,1378
Macy,1375
Elena,1366
Kyla,1363
Katrina,1356
Jazmine,1353
Joanna,1349
Tara,1338
Gianna,1332
Juliana,1319
Sadie,1316
Fatima,1315
Allyson,1312
Gracie,1312
Guadalupe,1308
Genesis,1303
Yesenia,1294
Julianna,1287
Skyler,1284
Tatiana,1284
Alexus,1281
Alana,1279
Elise,1278
Kirsten,1273
Nadia,1271
Sandra,1268
Ruby,1265
Dominique,1264
Haylee,1262
Jayla,1259
Tori,1247
Cindy,1244
Ella,1231
Sidney,1221
Tessa,1210
Carolina,1204
Jaqueline,1200
Camille,1198
Carmen,1195
Whitney,1194
Vivian,1177
Priscilla,1170
Bridget,1167
Celeste,1167
Kiana,1166
Makenna,1163
Miriam,1161
Alissa,1156
Madeleine,1154
Natasha,1144
Ciara,1139
Cecilia,1137
Kassandra,1136
Mercedes,1134
Reagan,1131
Aliyah,1116
Josephine,1116
Charlotte,1104
Rylee,1102
Shania,1098
Kira,1092
Meredith,1092
Eva,1088
Lisa,1088
Dakota,1086
Hallie,1083
Anne,1081
Rose,1080
Liliana,1065
Kristin,1056
Marisa,1052
Deanna,1051
Imani,1051
Kailey,1050
Annie,1042
Nia,1033
Carolyn,1031
Anastasia,1027
Brenna,1023
Dana,1016
Shayla,1009
Ashlee,1008
Kassidy,1007
Rosa,1005
Alaina,1004
Wendy,1004
